{"game_number": 447, "memory": [[[[0.0, 0.0, 0.0], [-0.023828553803178627, -0.015593632700618408, 0.6335836680541889], [0.09282047778628787, -0.4079566838342247, -0.4100180540283178], [0.0, 0.0, 0.0], [-0.40938937692217814, -0.4327822963289107, 0.000983178110038881], [-0.46772738957712245, -1.2135981699842349e-06, -0.5084211690028491], [-0.41, 0.2016940770215936, -0.4114728040234603], [0.0, 0.0, 0.0], [-0.2776508299956514, -2.58968717383372e-06, 0.0037841547147369867], [0.08693242590726105, -0.13434093165597388, -0.09395539138191829], [-0.41, 0.028613066184456682, -0.41025248149388827], [0.0, 0.0, 0.0], [0.0, 0.0, 0.0], [0.0, 0.0, 0.0], [0.0, 0.0, 0.0], [0.0, 0.0, 0.0]], [[0.0, 0.0, 0.0], [-0.010181875963508292, 0.01360312926220628, -0.41], [0.18316121654391523, -0.08919516898444589, -0.41], [0.0, 0.0, 0.0], [-0.002066763104588597, -0.0007166939691872204, -0.41], [-0.04608222482653521, -8.036441845268037e-07, -0.4116217039954297], [-0.5990486404757781, 0.19801809641083754, -0.41], [0.0, 0.0, 0.0], [0.7509031392275909, 0.0, 0.0], [-0.017314960544764457, 0.11760562293812633, -0.41], [-0.41, 0.09846192274359078, -0.41], [0.0, 0.0, 0.0], [0.0, 0.0, 0.0], [0.0, 0.0, 0.0], [0.0, 0.0, 0.0], [0.0, 0.0, 0.0]], [[0.0, 0.0, 0.0], [-0.08751129344221961, -0.4103189750300453, 0.174740266876378], [0.06263252792983916, 0.0, 0.0], [0.0, 0.0, 0.0], [0.0, 0.0, 0.0], [-0.6330559899999999, -0.6519, -9.73333184905521e-07], [0.0025068379693145176, 0.0, 0.0], [0.0, 0.0, 0.0], [0.4734261133359686, 0.0, 0.0], [0.05126935700302484, -0.5526942998440806, -0.46163166313090953], [-9.019984914342647e-18, -0.41, 0.0010827074761719038], [0.0, 0.0, 0.0], [0.0, 0.0, 0.0], [0.0, 0.0, 0.0], [0.0, 0.0, 0.0], [0.0, 0.0, 0.0]], [[0.0, 0.0, 0.0], [-0.04968141504511669, -0.6519, -0.4101107350746666], [-0.17084096494726103, -0.41, -0.41], [0.0, 0.0, 0.0], [-0.00023801406716707593, -0.41, 0.0], [0.0, 0.0, 0.0], [0.0, 0.0, 0.0], [0.0, 0.0, 0.0], [0.0, 0.0, 0.0], [0.018810020388267516, -0.41, -0.4117839453227463], [-0.00046992531569242044, -0.41, 0.0], [0.0, 0.0, 0.0], [0.0, 0.0, 0.0], [0.0, 0.0, 0.0], [0.0, 0.0, 0.0], [0.0, 0.0, 0.0]], [[0.0, 0.0, 0.0], [-0.41, -0.00011073507466658073, 0.37385735562758965], [-0.41, 0.3584440716167233, -0.4075987203008771], [0.0, 0.0, 0.0], [-0.3978915501212232, -0.4376361233483396, 0.0244234335083687], [-0.7015811801, -6.847391214039741e-07, -0.5572179791640832], [-0.41, 0.22645394416099374, -0.4165212272180952], [0.0, 0.0, 0.0], [0.0, 0.0, 0.0], [-0.4100022019874919, 0.009000944318875099, 0.0], [-0.33024905382113595, 0.005800744337279764, 0.0], [0.0, 0.0, 0.0], [0.0, 0.0, 0.0], [0.0, 0.0, 0.0], [0.0, 0.0, 0.0], [0.0, 0.0, 0.0]], [[0.0, 0.0, 0.0], [0.0, 0.0, 0.0], [-0.41, 0.42275580818511377, -0.41], [0.0, 0.0, 0.0], [-0.41, -0.006231433801266927, -0.41], [-0.41, -4.694532591908059e-07, -0.4121123229550941], [-0.41, 0.2265058828464292, -0.41], [0.0, 0.0, 0.0], [0.0, 0.0, 0.0], [-0.4127406947617697, 0.01424034415853253, 0.0], [-0.3992279015699025, 0.11109959956542277, 0.0], [0.0, 0.0, 0.0], [0.0, 0.0, 0.0], [0.0, 0.0, 0.0], [0.0, 0.0, 0.0], [0.0, 0.0, 0.0]], [[0.0, 0.0, 0.0], [-0.41, -0.41, -3.964426917765214e-05], [0.0, 0.0, 0.0], [0.0, 0.0, 0.0], [0.0, 0.0, 0.0], [-0.41, -0.41, -5.112164886633306e-06], [0.0, 0.0, 0.0], [0.0, 0.0, 0.0], [0.0, 0.0, 0.0], [-0.36744291695553205, 0.0, 0.0], [-0.4086180653108934, -0.41, 0.000419940130810992], [0.0, 0.0, 0.0], [0.0, 0.0, 0.0], [0.0, 0.0, 0.0], [0.0, 0.0, 0.0], [0.0, 0.0, 0.0]], [[0.0, 0.0, 0.0], [-0.41, -0.41, 0.0], [0.0, 0.0, 0.0], [0.0, 0.0, 0.0], [0.0, 0.0, 0.0], [0.0, 0.0, 0.0], [0.0, 0.0, 0.0], [0.0, 0.0, 0.0], [0.0, 0.0, 0.0], [0.0, 0.0, 0.0], [0.0, 0.0, 0.0], [0.0, 0.0, 0.0], [0.0, 0.0, 0.0], [0.0, 0.0, 0.0], [0.0, 0.0, 0.0], [0.0, 0.0, 0.0]], [[0.0, 0.0, 0.0], [0.0, 0.0, 0.0], [0.0, 0.0, 0.0], [0.0, 0.0, 0.0], [0.0, 0.0, 0.0], [0.0, 0.0, 0.0], [0.0, 0.0, 0.0], [0.0, 0.0, 0.0], [0.0, 0.0, 0.0], [0.0, 0.0, 0.0], [0.0, 0.0, 0.0], [0.0, 0.0, 0.0], [0.0, 0.0, 0.0], [0.0, 0.0, 0.0], [0.0, 0.0, 0.0], [0.0, 0.0, 0.0]]], [[[0.0, 0.0, 0.0], [-0.11738938229399115, -0.08751129344221961, -0.0900804274936863], [-0.407669709093597, -0.44398746904563163, 0.6235520875936084], [0.0, 0.0, 0.0], [0.5872445180311766, -0.4099964138184837, -0.4255373066547641], [-0.4134094844202006, -7.138300686008e-07, -0.41130660344905967], [-0.41935252246544885, -0.4099856661959433, 0.15602325928203922], [0.0, 0.0, 0.0], [0.00039011289965081063, -0.015383305491897306, -0.010327257245274949], [-0.4094236869427872, -0.08030903506397682, 0.15342101200667108], [-0.136161, -0.4083214973906103, 0.1231800754335477], [0.0, 0.0, 0.0], [0.0, 0.0, 0.0], [0.0, 0.0, 0.0], [0.0, 0.0, 0.0], [0.0, 0.0, 0.0]], [[0.0, 0.0, 0.0], [-0.46993536064784136, -1.3290494125705481e-05, -0.6519], [0.08418188325430964, 0.0, 0.0], [0.0, 0.0, 0.0], [-0.2835432796065359, 0.10650233873640616, -0.41], [-0.4643008675850643, -7.291949053706314e-08, -0.6519], [-0.0010242863638471836, 0.0010888017416462528, 0.0], [0.0, 0.0, 0.0], [0.00019184339059827646, -0.4099954368423821, -0.41], [-0.41, -4.895898666498408e-06, -0.41], [0.003393445039469628, 0.0, 0.0], [0.0, 0.0, 0.0], [0.0, 0.0, 0.0], [0.0, 0.0, 0.0], [0.0, 0.0, 0.0], [0.0, 0.0, 0.0]], [[0.0, 0.0, 0.0], [-0.0032842125807748994, -0.41, 0.0], [-0.03155351369187765, -0.41, 0.5299167248624881], [0.0, 0.0, 0.0], [0.546514964667027, -0.41, -0.4300283875826472], [-0.41171721520520804, -0.6528199452338201, -2.4882309077613805e-07], [0.2021772221638416, -0.41, -0.4129295789258271], [0.0, 0.0, 0.0], [-0.0009705940335208084, -0.41, 0.0022208438578593882], [0.1549041480926758, -0.41, -0.080374526160631], [-0.615679928379, -0.552721, 0.11487341657463343], [0.0, 0.0, 0.0], [0.0, 0.0, 0.0], [0.0, 0.0, 0.0], [0.0, 0.0, 0.0], [0.0, 0.0, 0.0]], [[0.0, 0.0, 0.0], [-0.0001876865672314927, -0.4100032862936098, 0.0], [-0.005452822134814932, -0.41, -0.39707426232555404], [0.0, 0.0, 0.0], [0.0, 0.0, 0.0], [-6.449715530882267e-07, -0.6519000002077352, -0.6519], [0.03851117564831289, 0.0, 0.0], [0.0, 0.0, 0.0], [-0.01372757545101111, -0.41, -0.41], [-4.723341022898808e-05, -0.3933841154065797, -0.42649919793648317], [0.0, 0.0, 0.0], [0.0, 0.0, 0.0], [0.0, 0.0, 0.0], [0.0, 0.0, 0.0], [0.0, 0.0, 0.0], [0.0, 0.0, 0.0]], [[0.0, 0.0, 0.0], [0.0, 0.0, 0.0], [-0.41, -0.00988702356103311, 0.7191794204379387], [0.0, 0.0, 0.0], [0.0, 0.0, 0.0], [0.0, 0.0, 0.0], [-0.39451028818004824, 0.0008325208896093513, 0.0], [0.0, 0.0, 0.0], [-0.41, -0.002375706822002586, 0.006450387794003756], [-0.41, -0.41, 0.029672246278652326], [-0.6519, 0.000541397899192669, -0.41], [0.0, 0.0, 0.0], [0.0, 0.0, 0.0], [0.0, 0.0, 0.0], [0.0, 0.0, 0.0], [0.0, 0.0, 0.0]], [[0.0, 0.0, 0.0], [-0.0002980014974448556, 0.0, 0.0], [-0.4009127456978303, 0.0, 0.0], [0.0, 0.0, 0.0], [0.0, 0.0, 0.0], [0.0, 0.0, 0.0], [-0.38195402271123996, 0.0012051777138628599, 0.0], [0.0, 0.0, 0.0], [-0.41, 0.000692887781488501, 0.0], [-0.41, 0.0, 0.0], [-0.4053818694722234, 0.0012644990388768203, 0.0], [0.0, 0.0, 0.0], [0.0, 0.0, 0.0], [0.0, 0.0, 0.0], [0.0, 0.0, 0.0], [0.0, 0.0, 0.0]], [[0.0, 0.0, 0.0], [-0.4099992055256065, -0.41, 0.0], [-0.42861657307820783, -0.41, 0.3247390803330965], [0.0, 0.0, 0.0], [-0.40999984695969177, -0.4091674791103906, 0.0], [-0.4100095702624259, -0.41, -1.953565785508986e-06], [-0.40917268868618945, -0.41, 0.12992238327882352], [0.0, 0.0, 0.0], [-0.41, -0.41, 0.0], [-0.41, -0.4009836673719416, 0.017352399611270483], [-0.41, -0.41, 0.014001902913920216], [0.0, 0.0, 0.0], [0.0, 0.0, 0.0], [0.0, 0.0, 0.0], [0.0, 0.0, 0.0], [0.0, 0.0, 0.0]], [[0.0, 0.0, 0.0], [-0.41, 0.0, 0.0], [-0.4119632823433853, -0.41, 0.0], [0.0, 0.0, 0.0], [0.0, 0.0, 0.0], [0.0, 0.0, 0.0], [-0.392895434590419, -0.41, 0.0], [0.0, 0.0, 0.0], [0.0, 0.0, 0.0], [-0.5947105821431085, -0.6296241803107934, -0.40548240077202125], [0.0, 0.0, 0.0], [0.0, 0.0, 0.0], [0.0, 0.0, 0.0], [0.0, 0.0, 0.0], [0.0, 0.0, 0.0], [0.0, 0.0, 0.0]], [[0.0, 0.0, 0.0], [0.0, 0.0, 0.0], [0.0, 0.0, 0.0], [0.0, 0.0, 0.0], [0.0, 0.0, 0.0], [0.0, 0.0, 